old_bee_name,diet_breadth,diet_breadth_detailed,scientificName
Andrena accepta,specialist,family_specialist,Andrena accepta
Andrena aliciae,specialist,family_specialist,Andrena aliciae
Andrena andrenoides,specialist,genus_specialist,Andrena andrenoides
Andrena arabis,specialist,genus_specialist,Andrena arabis
Andrena asteris,specialist,genus_specialist,Andrena asteris
Andrena asteroides,specialist,genus_specialist,Andrena asteroides
Andrena bisalicis,specialist,genus_specialist,Andrena bisalicis
Andrena braccata,specialist,genus_specialist,Andrena braccata
Andrena bradleyi,specialist,family_specialist,Andrena bradleyi
Andrena canadensis,specialist,family_specialist,Andrena canadensis
Andrena carolina,specialist,family_specialist,Andrena carolina
Andrena chromotricha,specialist,family_specialist,Andrena chromotricha
Andrena clarkella,specialist,genus_specialist,Andrena clarkella
Andrena cornelli,specialist,genus_specialist,Andrena cornelli
Andrena distans,specialist,genus_specialist,Andrena distans
Andrena duplicata,specialist,family_specialist,Andrena duplicata
Andrena erigeniae,specialist,genus_specialist,Andrena erigeniae
Andrena erythrogaster,specialist,genus_specialist,Andrena erythrogaster
Andrena erythronii,specialist,genus_specialist,Andrena erythronii
Andrena fragilis,specialist,genus_specialist,Andrena fragilis
Andrena frigida,specialist,genus_specialist,Andrena frigida
Andrena fulvipennis,specialist,genus_specialist,Andrena fulvipennis
Andrena gardineri,specialist,genus_specialist,Andrena gardineri
Andrena geranii,specialist,genus_specialist,Andrena geranii
Andrena helianthi,specialist,genus_specialist,Andrena helianthi
Andrena illinoiensis,specialist,genus_specialist,Andrena illinoiensis
Andrena integra,specialist,genus_specialist,Andrena integra
Andrena kalmiae,specialist,family_specialist,Andrena kalmiae
Andrena krigiana,specialist,family_specialist,Andrena krigiana
Andrena lamelliterga,specialist,genus_specialist,Andrena lamelliterga
Andrena macoupinensis,specialist,genus_specialist,Andrena macoupinensis
Andrena mariae,specialist,genus_specialist,Andrena mariae
Andrena nida,specialist,genus_specialist,Andrena nida
Andrena nigrae,specialist,genus_specialist,Andrena nigrae
Andrena nothoscordi,specialist,genus_specialist,Andrena nothoscordi
Andrena nubecula,specialist,genus_specialist,Andrena nubecula
Andrena parnassiae,specialist,genus_specialist,Andrena parnassiae
Andrena persimulata,specialist,genus_specialist,Andrena persimulata
Andrena phaceliae,specialist,genus_specialist,Andrena phaceliae
Andrena placata,specialist,family_specialist,Andrena placata
Andrena platyparia,specialist,genus_specialist,Andrena platyparia
Andrena polemonii,specialist,genus_specialist,Andrena polemonii
Andrena rehni,specialist,genus_specialist,Andrena rehni
Andrena rudbeckiae,specialist,genus_specialist,Andrena rudbeckiae
Andrena salictaria,specialist,genus_specialist,Andrena salictaria
Andrena sigmundi,specialist,genus_specialist,Andrena sigmundi
Andrena simplex,specialist,genus_specialist,Andrena simplex
Andrena uvulariae,specialist,genus_specialist,Andrena uvulariae
Andrena violae,specialist,genus_specialist,Andrena violae
Andrena wellesleyana,specialist,genus_specialist,Andrena wellesleyana
Andrena ziziae,specialist,genus_specialist,Andrena ziziae
Andrena ziziaeformis,specialist,genus_specialist,Andrena ziziaeformis
Calliopsis nebraskensis,specialist,genus_specialist,Calliopsis nebraskensis
Panurginus atramontensis,specialist,genus_specialist,Panurginus atramontensis
Panurginus potentillae,specialist,genus_specialist,Panurginus potentillae
Perdita albipennis,specialist,family_specialist,Perdita albipennis
Perdita bequaerti,specialist,family_specialist,Perdita bequaerti
Perdita bishoppi,specialist,genus_specialist,Perdita bishoppi
Perdita blatchleyi,specialist,genus_specialist,Perdita blatchleyi
Perdita boltoniae,specialist,genus_specialist,Perdita boltoniae
Perdita consobrina,specialist,family_specialist,Perdita consobrina
Perdita discreta,specialist,family_specialist,Perdita discreta
Perdita floridensis,specialist,genus_specialist,Perdita floridensis
Perdita foveata,specialist,family_specialist,Perdita foveata
Perdita georgica,specialist,genus_specialist,Perdita georgica
Perdita gerardiae,specialist,genus_specialist,Perdita gerardiae
Perdita gerhardi,specialist,genus_specialist,Perdita gerhardi
Perdita graenicheri,specialist,genus_specialist,Perdita graenicheri
Perdita halictoides,specialist,genus_specialist,Perdita halictoides
Perdita ignota,specialist,family_specialist,Perdita ignota
Perdita maculigera,specialist,genus_specialist,Perdita maculigera
Perdita novaeangliae,specialist,genus_specialist,Perdita novaeangliae
Perdita nubila,specialist,family_specialist,Perdita nubila
Perdita obscurata,generalist,generalist,NA
Perdita octomaculata,specialist,family_specialist,Perdita octomaculata
Perdita polygonellae,specialist,genus_specialist,Perdita polygonellae
Perdita swenki,specialist,family_specialist,Perdita swenki
Protandrena abdominalis,specialist,genus_specialist,Protandrena abdominalis
Pseudopanurgus aestivalis,specialist,family_specialist,Pseudopanurgus aestivalis
Pseudopanurgus albitarsis,specialist,family_specialist,Pseudopanurgus albitarsis
Pseudopanurgus andrenoides,specialist,family_specialist,Pseudopanurgus andrenoides
Pseudopanurgus compositarum,specialist,family_specialist,Pseudopanurgus compositarum
Pseudopanurgus illinoiensis,specialist,family_specialist,Pseudopanurgus illinoiensis
Pseudopanurgus labrosiformis,specialist,family_specialist,Pseudopanurgus labrosiformis
Pseudopanurgus labrosus,specialist,family_specialist,Pseudopanurgus labrosus
Pseudopanurgus passiflorae,specialist,genus_specialist,Pseudopanurgus passiflorae
Pseudopanurgus pauper,specialist,genus_specialist,Pseudopanurgus pauper
Pseudopanurgus rugosus,specialist,family_specialist,Pseudopanurgus rugosus
Pseudopanurgus solidaginis,specialist,family_specialist,Pseudopanurgus solidaginis
Pseudopanurgus virginicus,generalist,generalist,NA
Habropoda laboriosa,generalist,generalist,NA
Diadasia afflicta,specialist,family_specialist,Diadasia afflicta
Melitoma taurea,specialist,genus_specialist,Melitoma taurea
Ptilothrix bombiformis,specialist,genus_specialist,Ptilothrix bombiformis
Cemolobus ipomoeae,specialist,genus_specialist,Cemolobus ipomoeae
Florilegus condignus,generalist,generalist,Florilegus condignus
Melissodes agilis,specialist,family_specialist,Melissodes agilis
Melissodes apicatus,specialist,genus_specialist,Melissodes apicatus
Melissodes boltoniae,specialist,family_specialist,Melissodes boltoniae
Melissodes denticulatus,specialist,family_specialist,Melissodes denticulatus
Melissodes dentiventris,specialist,family_specialist,Melissodes dentiventris
Melissodes desponsus,specialist,family_specialist,Melissodes desponsus
Melissodes druriellus,specialist,family_specialist,Melissodes druriellus
Melissodes fimbriatus,specialist,genus_specialist,Melissodes fimbriatus
Melissodes fumosus,specialist,family_specialist,Melissodes fumosus
Melissodes illatus,specialist,family_specialist,Melissodes illatus
Melissodes manipularis,specialist,family_specialist,Melissodes manipularis
Melissodes mitchelli,specialist,genus_specialist,Melissodes mitchelli
Melissodes niveus,specialist,family_specialist,Melissodes niveus
Melissodes pilleatus,specialist,family_specialist,Melissodes pilleatus
Melissodes subillatus,specialist,family_specialist,Melissodes subillatus
Melissodes tinctus,specialist,family_specialist,Melissodes tinctus
Melissodes trinodis,specialist,family_specialist,Melissodes trinodis
Peponapis pruinosa,specialist,genus_specialist,Peponapis pruinosa
Svastra aegis,specialist,family_specialist,Svastra aegis
Svastra compta,specialist,genus_specialist,Svastra compta
Svastra obliqua,specialist,family_specialist,Svastra obliqua
Svastra petulca,specialist,family_specialist,Svastra petulca
Xenoglossa kansensis,generalist,generalist,NA
Xenoglossa strenua,specialist,genus_specialist,Xenoglossa strenua
Anthophorula asteris,specialist,genus_specialist,Anthophorula asteris
Anthophorula micheneri,specialist,genus_specialist,Anthophorula micheneri
Colletes aestivalis,specialist,genus_specialist,Colletes aestivalis
Colletes americanus,specialist,family_specialist,Colletes americanus
Colletes banksi,specialist,genus_specialist,Colletes banksi
Colletes brevicornis,specialist,genus_specialist,Colletes brevicornis
Colletes brimleyi,specialist,genus_specialist,Colletes brimleyi
Colletes ciliatus,specialist,genus_specialist,Colletes ciliatus
Colletes compactus,specialist,family_specialist,Colletes compactus
Colletes francesae,specialist,genus_specialist,Colletes francesae
Colletes howardi,specialist,genus_specialist,Colletes howardi
Colletes latitarsis,specialist,genus_specialist,Colletes latitarsis
Colletes solidaginis,specialist,genus_specialist,Colletes solidaginis
Colletes speculiferus,specialist,family_specialist,Colletes speculiferus
Colletes thysanellae,specialist,family_specialist,Colletes thysanellae
Colletes ultravalidus,specialist,family_specialist,Colletes ultravalidus
Colletes validus,specialist,family_specialist,Colletes validus
Colletes willistoni,specialist,genus_specialist,Colletes willistoni
Lasioglossum lustrans,specialist,genus_specialist,Lasioglossum lustrans
Lasioglossum oenotherae,specialist,genus_specialist,Lasioglossum oenotherae
Lasioglossum pectinatum,specialist,genus_specialist,Lasioglossum pectinatum
Dieunomia heteropoda,specialist,family_specialist,Dieunomia heteropoda
Dieunomia nevadensis,specialist,family_specialist,Dieunomia nevadensis
Dufourea monardae,specialist,genus_specialist,Dufourea monardae
Dufourea novaeangliae,specialist,genus_specialist,Dufourea novaeangliae
Lithurgopsis gibbosa,specialist,genus_specialist,Lithurgopsis gibbosa
Dianthidium curvatum,specialist,family_specialist,Dianthidium curvatum
Dianthidium simile,specialist,family_specialist,Dianthidium simile
Paranthidium jugatorium,specialist,family_specialist,Paranthidium jugatorium
Trachusa dorsalis,specialist,genus_specialist,Trachusa dorsalis
Trachusa zebrata,specialist,family_specialist,Trachusa zebrata
Megachile brimleyi,specialist,genus_specialist,Megachile brimleyi
Megachile inimica,specialist,family_specialist,Megachile inimica
Megachile integra,specialist,genus_specialist,Megachile integra
Megachile melanophaea,specialist,family_specialist,Megachile melanophaea
Megachile oenotherae,specialist,genus_specialist,Megachile oenotherae
Megachile parallela,specialist,family_specialist,Megachile parallela
Megachile pugnata,specialist,family_specialist,Megachile pugnata
Megachile townsendiana,specialist,family_specialist,Megachile townsendiana
Megachile xylocopoides,specialist,family_specialist,Megachile xylocopoides
Ashmeadiella bucconis,specialist,family_specialist,Ashmeadiella bucconis
Hoplitis micheneri,specialist,genus_specialist,Hoplitis micheneri
Hoplitis simplex,specialist,genus_specialist,Hoplitis simplex
Osmia calaminthae,specialist,genus_specialist,Osmia calaminthae
Osmia chalybea,specialist,genus_specialist,Osmia chalybea
Osmia coloradensis,specialist,family_specialist,Osmia coloradensis
Osmia distincta,specialist,genus_specialist,Osmia distincta
Osmia texana,specialist,genus_specialist,Osmia texana
Osmia virga,specialist,genus_specialist,Osmia virga
Hesperapis oraria,specialist,family_specialist,Hesperapis oraria
Macropis ciliata,specialist,genus_specialist,Macropis ciliata
Macropis nuda,specialist,genus_specialist,Macropis nuda
Macropis patellata,specialist,genus_specialist,Macropis patellata
Macropis steironematis,specialist,genus_specialist,Macropis steironematis
Melitta americana,specialist,genus_specialist,Melitta americana
Melitta eickworti,specialist,genus_specialist,Melitta eickworti
Melitta melittoides,specialist,genus_specialist,Melitta melittoides
Andrena afimbriata,specialist,family_specialist,Andrena afimbriata
Andrena alamonis,specialist,genus_specialist,Andrena alamonis
Andrena anograe,specialist,genus_specialist,Andrena anograe
Andrena apacheorum,specialist,family_specialist,Andrena apacheorum
Andrena ardis,specialist,family_specialist,Andrena ardis
Andrena arenicola,specialist,genus_specialist,Andrena arenicola
Andrena astragali,specialist,genus_specialist,Andrena astragali
Andrena balsamorhizae,specialist,family_specialist,Andrena balsamorhizae
Andrena beameri,specialist,family_specialist,Andrena beameri
Andrena berkeleyi,specialist,family_specialist,Andrena berkeleyi
Andrena biscutellata,specialist,family_specialist,Andrena biscutellata
Andrena bullata,specialist,family_specialist,Andrena bullata
Andrena capricornis,specialist,family_specialist,Andrena capricornis
Andrena chaparralensis,specialist,family_specialist,Andrena chaparralensis
Andrena cheyennorum,specialist,genus_specialist,Andrena cheyennorum
Andrena colletina,specialist,family_specialist,Andrena colletina
Andrena costillensis,specialist,family_specialist,Andrena costillensis
Andrena cragini,specialist,genus_specialist,Andrena cragini
Andrena crawfordi,specialist,family_specialist,Andrena crawfordi
Andrena cristata,specialist,genus_specialist,Andrena cristata
Andrena cuneilabris,specialist,genus_specialist,Andrena cuneilabris
Andrena dapsilis,specialist,family_specialist,Andrena dapsilis
Andrena eothina,specialist,genus_specialist,Andrena eothina
Andrena haynesi,specialist,genus_specialist,Andrena haynesi
Andrena helianthiformis,specialist,genus_specialist,Andrena helianthiformis
Andrena irrasus,specialist,family_specialist,Andrena irrasus
Andrena ishii,specialist,genus_specialist,Andrena ishii
Andrena jessicae,specialist,genus_specialist,Andrena jessicae
Andrena kristina,specialist,family_specialist,Andrena kristina
Andrena melliventris,specialist,family_specialist,Andrena melliventris
Andrena mentzeliae,specialist,genus_specialist,Andrena mentzeliae
Andrena mesillae,specialist,family_specialist,Andrena mesillae
Andrena micheneri,specialist,family_specialist,Andrena micheneri
Andrena micheneriella,specialist,family_specialist,Andrena micheneriella
Andrena microchlora,specialist,genus_specialist,Andrena microchlora
Andrena nigra,specialist,genus_specialist,Andrena nigra
Andrena ofella,specialist,family_specialist,Andrena ofella
Andrena pallidiscopa,specialist,genus_specialist,Andrena pallidiscopa
Andrena pecosana,specialist,family_specialist,Andrena pecosana
Andrena pectidis,specialist,genus_specialist,Andrena pectidis
Andrena perarmata,specialist,genus_specialist,Andrena perarmata
Andrena piperi,specialist,family_specialist,Andrena piperi
Andrena prima,specialist,family_specialist,Andrena prima
Andrena primulifrons,specialist,genus_specialist,Andrena primulifrons
Andrena ramaleyi,specialist,family_specialist,Andrena ramaleyi
Andrena reflexa,specialist,family_specialist,Andrena reflexa
Andrena runcinatae,specialist,family_specialist,Andrena runcinatae
Andrena scurra,specialist,family_specialist,Andrena scurra
Andrena senticulosa,specialist,family_specialist,Andrena senticulosa
Andrena simulata,specialist,family_specialist,Andrena simulata
Andrena sitiliae,specialist,family_specialist,Andrena sitiliae
Andrena sulcata,specialist,family_specialist,Andrena sulcata
Andrena surda,specialist,family_specialist,Andrena surda
Andrena texana,specialist,family_specialist,Andrena texana
Andrena tonkaworum,specialist,family_specialist,Andrena tonkaworum
Andrena trapezoidea,specialist,genus_specialist,Andrena trapezoidea
Andrena trimaculata,specialist,family_specialist,Andrena trimaculata
Andrena trizonata,specialist,genus_specialist,Andrena trizonata
Andrena verbesinae,specialist,family_specialist,Andrena verbesinae
Andrena verecunda,specialist,family_specialist,Andrena verecunda
Andrena vulpicolor,specialist,family_specialist,Andrena vulpicolor
Calliopsis beamerorum,specialist,genus_specialist,Calliopsis beamerorum
Calliopsis callops,specialist,genus_specialist,Calliopsis callops
Calliopsis callosa,specialist,genus_specialist,Calliopsis callosa
Calliopsis coloratipes,specialist,family_specialist,Calliopsis coloratipes
Calliopsis crypta,specialist,family_specialist,Calliopsis crypta
Calliopsis helianthi,specialist,family_specialist,Calliopsis helianthi
Calliopsis hirsutifrons,specialist,genus_specialist,Calliopsis hirsutifrons
Calliopsis meliloti,specialist,family_specialist,Calliopsis meliloti
Calliopsis michenerella,specialist,genus_specialist,Calliopsis michenerella
Calliopsis micheneri,specialist,genus_specialist,Calliopsis micheneri
Calliopsis philiphunteri,specialist,family_specialist,Calliopsis philiphunteri
Calliopsis puellae,specialist,family_specialist,Calliopsis puellae
Calliopsis rozeni,specialist,family_specialist,Calliopsis rozeni
Calliopsis subalpina,specialist,genus_specialist,Calliopsis subalpina
Calliopsis verbenae,specialist,genus_specialist,Calliopsis verbenae
Calliopsis zebrata,specialist,genus_specialist,Calliopsis zebrata
Calliopsis zonalis,specialist,genus_specialist,Calliopsis zonalis
Panurginus nigrihirtus,specialist,genus_specialist,Panurginus nigrihirtus
Macrotera haplura,specialist,genus_specialist,Macrotera haplura
Macrotera latior,specialist,family_specialist,Macrotera latior
Macrotera magniceps,specialist,family_specialist,Macrotera magniceps
Macrotera mellea,specialist,family_specialist,Macrotera mellea
Macrotera opuntiae,specialist,genus_specialist,Macrotera opuntiae
Macrotera portalis,specialist,genus_specialist,Macrotera portalis
Macrotera texana,specialist,genus_specialist,Macrotera texana
Perdita affinis,specialist,family_specialist,Perdita affinis
Perdita albihirta,specialist,family_specialist,Perdita albihirta
Perdita albovittata,specialist,family_specialist,Perdita albovittata
Perdita alexi,specialist,family_specialist,Perdita alexi
Perdita ampla,specialist,family_specialist,Perdita ampla
Perdita aperta,specialist,genus_specialist,Perdita aperta
Perdita ashmeadi,specialist,genus_specialist,Perdita ashmeadi
Perdita asteris,specialist,family_specialist,Perdita asteris
Perdita beata,specialist,family_specialist,Perdita beata
Perdita bequaertiana,specialist,genus_specialist,Perdita bequaertiana
Perdita bruneri,specialist,family_specialist,Perdita bruneri
Perdita callicerata,specialist,family_specialist,Perdita callicerata
Perdita cambarella,specialist,family_specialist,Perdita cambarella
Perdita chrysophila,specialist,family_specialist,Perdita chrysophila
Perdita cladothricis,specialist,genus_specialist,Perdita cladothricis
Perdita confusa,specialist,genus_specialist,Perdita confusa
Perdita coreopsidis,specialist,family_specialist,Perdita coreopsidis
Perdita crotonis,specialist,genus_specialist,Perdita crotonis
Perdita dalyi,specialist,genus_specialist,Perdita dalyi
Perdita difficilis,specialist,genus_specialist,Perdita difficilis
Perdita dolanensis,specialist,genus_specialist,Perdita dolanensis
Perdita dolichocephala,specialist,family_specialist,Perdita dolichocephala
Perdita exclamans,specialist,family_specialist,Perdita exclamans
Perdita fallax,specialist,family_specialist,Perdita fallax
Perdita gutierreziae,specialist,family_specialist,Perdita gutierreziae
Perdita heliotropii,specialist,genus_specialist,Perdita heliotropii
Perdita hippolyta,specialist,genus_specialist,Perdita hippolyta
Perdita hooki,specialist,genus_specialist,Perdita hooki
Perdita kiowi,specialist,genus_specialist,Perdita kiowi
Perdita labergei,specialist,genus_specialist,Perdita labergei
Perdita larreae,specialist,genus_specialist,Perdita larreae
Perdita lasiogastra,specialist,genus_specialist,Perdita lasiogastra
Perdita laticincta,specialist,family_specialist,Perdita laticincta
Perdita lenis,specialist,family_specialist,Perdita lenis
Perdita lepachidis,specialist,family_specialist,Perdita lepachidis
Perdita lingualis,specialist,family_specialist,Perdita lingualis
Perdita luciae,specialist,family_specialist,Perdita luciae
Perdita luteola,specialist,family_specialist,Perdita luteola
Perdita malacothricis,specialist,family_specialist,Perdita malacothricis
Perdita melanostoma,specialist,family_specialist,Perdita melanostoma
Perdita mentzeliarum,specialist,genus_specialist,Perdita mentzeliarum
Perdita minima,specialist,family_specialist,Perdita minima
Perdita munita,specialist,genus_specialist,Perdita munita
Perdita nasuta,specialist,genus_specialist,Perdita nasuta
Perdita numerata,specialist,family_specialist,Perdita numerata
Perdita peculiaris,specialist,genus_specialist,Perdita peculiaris
Perdita pedernalensis,specialist,family_specialist,Perdita pedernalensis
Perdita perpallida,specialist,genus_specialist,Perdita perpallida
Perdita perpulchra,specialist,family_specialist,Perdita perpulchra
Perdita phymatae,specialist,family_specialist,Perdita phymatae
Perdita pilonotata,specialist,genus_specialist,Perdita pilonotata
Perdita pratti,specialist,family_specialist,Perdita pratti
Perdita prionopsidis,specialist,family_specialist,Perdita prionopsidis
Perdita punctosignata,specialist,family_specialist,Perdita punctosignata
Perdita purpurascens,specialist,family_specialist,Perdita purpurascens
Perdita rhodura,specialist,family_specialist,Perdita rhodura
Perdita semicaerulea,specialist,genus_specialist,Perdita semicaerulea
Perdita shinnersi,specialist,family_specialist,Perdita shinnersi
Perdita sphaeralceae,specialist,genus_specialist,Perdita sphaeralceae
Perdita stathamae,specialist,family_specialist,Perdita stathamae
Perdita taeniata,specialist,genus_specialist,Perdita taeniata
Perdita translineata,specialist,family_specialist,Perdita translineata
Perdita triangulifera,specialist,family_specialist,Perdita triangulifera
Perdita tridentata,specialist,genus_specialist,Perdita tridentata
Perdita trifasciata,specialist,genus_specialist,Perdita trifasciata
Perdita trinotata,specialist,genus_specialist,Perdita trinotata
Perdita variegata,specialist,genus_specialist,Perdita variegata
Perdita verbesinae,specialist,family_specialist,Perdita verbesinae
Perdita wislizeniae,specialist,family_specialist,Perdita wislizeniae
Perdita wootonae,specialist,genus_specialist,Perdita wootonae
Perdita xanthismae,specialist,family_specialist,Perdita xanthismae
Perdita zebrata,specialist,family_specialist,Perdita zebrata
Perdita zonalis,specialist,family_specialist,Perdita zonalis
Protandrena verbesinae,specialist,family_specialist,Protandrena verbesinae
Pseudopanurgus aethiops,specialist,family_specialist,Pseudopanurgus aethiops
Pseudopanurgus boylei,specialist,family_specialist,Pseudopanurgus boylei
Pseudopanurgus fraterculus,specialist,family_specialist,Pseudopanurgus fraterculus
Pseudopanurgus helianthi,specialist,family_specialist,Pseudopanurgus helianthi
Pseudopanurgus illustris,specialist,family_specialist,Pseudopanurgus illustris
Pseudopanurgus innuptus,specialist,family_specialist,Pseudopanurgus innuptus
Pseudopanurgus innuptus,specialist,family_specialist,Pseudopanurgus innuptus
Pseudopanurgus leucopterus,specialist,family_specialist,Pseudopanurgus leucopterus
Pseudopanurgus occiduus,specialist,family_specialist,Pseudopanurgus occiduus
Pseudopanurgus piercei,specialist,family_specialist,Pseudopanurgus piercei
Pseudopanurgus renimaculatus,specialist,family_specialist,Pseudopanurgus renimaculatus
Pseudopanurgus simulans,specialist,family_specialist,Pseudopanurgus simulans
Anthophora affabilis,specialist,genus_specialist,Anthophora affabilis
Anthophora curta,specialist,family_specialist,Anthophora curta
Anthophora porterae,specialist,genus_specialist,Anthophora porterae
Ancyloscelis apiformis,specialist,genus_specialist,Ancyloscelis apiformis
Ancyloscelis sejunctus,specialist,genus_specialist,Ancyloscelis sejunctus
Diadasia afflictula,specialist,family_specialist,Diadasia afflictula
Diadasia australis,specialist,family_specialist,Diadasia australis
Diadasia diminuta,specialist,family_specialist,Diadasia diminuta
Diadasia enavata,specialist,family_specialist,Diadasia enavata
Diadasia lutzi,specialist,family_specialist,Diadasia lutzi
Diadasia megamorpha,specialist,genus_specialist,Diadasia megamorpha
Diadasia ochracea,specialist,family_specialist,Diadasia ochracea
Diadasia piercei,specialist,genus_specialist,Diadasia piercei
Diadasia rinconis,specialist,family_specialist,Diadasia rinconis
Diadasia sphaeralcearum,specialist,genus_specialist,Diadasia sphaeralcearum
Diadasia vallicola,specialist,genus_specialist,Diadasia vallicola
Melitoma grisella,specialist,genus_specialist,Melitoma grisella
Melitoma marginella,specialist,genus_specialist,Melitoma marginella
Melissodes bidentis,specialist,family_specialist,Melissodes bidentis
Melissodes bimatris,specialist,family_specialist,Melissodes bimatris
Melissodes coloradensis,specialist,family_specialist,Melissodes coloradensis
Melissodes confusus,specialist,family_specialist,Melissodes confusus
Melissodes coreopsis,specialist,family_specialist,Melissodes coreopsis
Melissodes gelidus,specialist,family_specialist,Melissodes gelidus
Melissodes glenwoodensis,specialist,family_specialist,Melissodes glenwoodensis
Melissodes grindeliae,specialist,family_specialist,Melissodes grindeliae
Melissodes humilior,specialist,family_specialist,Melissodes humilior
Melissodes intortus,specialist,genus_specialist,Melissodes intortus
Melissodes limbus,specialist,family_specialist,Melissodes limbus
Melissodes lupinus,specialist,family_specialist,Melissodes lupinus
Melissodes lustrus,specialist,family_specialist,Melissodes lustrus
Melissodes lutulentus,specialist,family_specialist,Melissodes lutulentus
Melissodes menuachus,specialist,family_specialist,Melissodes menuachus
Melissodes microstictus,specialist,family_specialist,Melissodes microstictus
Melissodes montanus,specialist,family_specialist,Melissodes montanus
Melissodes nigracauda,specialist,family_specialist,Melissodes nigracauda
Melissodes pallidisignatus,specialist,family_specialist,Melissodes pallidisignatus
Melissodes perlusus,specialist,family_specialist,Melissodes perlusus
Melissodes plumosus,specialist,family_specialist,Melissodes plumosus
Melissodes rivalis,specialist,family_specialist,Melissodes rivalis
Melissodes saponellus,specialist,family_specialist,Melissodes saponellus
Melissodes semilupinus,specialist,family_specialist,Melissodes semilupinus
Melissodes snowii,specialist,family_specialist,Melissodes snowii
Melissodes subagilis,specialist,family_specialist,Melissodes subagilis
Melissodes submenuacha,specialist,family_specialist,Melissodes submenuacha
Melissodes utahensis,specialist,family_specialist,Melissodes utahensis
Melissodes verbesinarum,specialist,family_specialist,Melissodes verbesinarum
Melissodes vernoniae,specialist,family_specialist,Melissodes vernoniae
Melissodes wheeleri,specialist,family_specialist,Melissodes wheeleri
Peponapis timberlakei,specialist,genus_specialist,Peponapis timberlakei
Peponapis utahensis,specialist,genus_specialist,Peponapis utahensis
Svastra duplocincta,specialist,genus_specialist,Svastra duplocincta
Svastra helianthelli,specialist,family_specialist,Svastra helianthelli
Svastra machaerantherae,specialist,family_specialist,Svastra machaerantherae
Svastra sabinensis,specialist,family_specialist,Svastra sabinensis
Svastra sila,specialist,genus_specialist,Svastra sila
Svastra texana,specialist,family_specialist,Svastra texana
Syntrichalonia exquisita,specialist,family_specialist,Syntrichalonia exquisita
Tetraloniella fasciatella,specialist,genus_specialist,Tetraloniella fasciatella
Tetraloniella lippiae,specialist,genus_specialist,Tetraloniella lippiae
Xenoglossa patricia,specialist,genus_specialist,Xenoglossa patricia
Exomalopsis solidaginis,specialist,family_specialist,Exomalopsis solidaginis
Caupolicana ocellata,specialist,genus_specialist,Caupolicana ocellata
Colletes aberrans,specialist,genus_specialist,Colletes aberrans
Colletes albescens,specialist,genus_specialist,Colletes albescens
Colletes algarobiae,specialist,genus_specialist,Colletes algarobiae
Colletes andrewsi,specialist,genus_specialist,Colletes andrewsi
Colletes birkmanni,specialist,family_specialist,Colletes birkmanni
Colletes bumeliae,specialist,genus_specialist,Colletes bumeliae
Colletes clypeonitens,specialist,genus_specialist,Colletes clypeonitens
Colletes fulgidus,specialist,family_specialist,Colletes fulgidus
Colletes gypsicolens,specialist,family_specialist,Colletes gypsicolens
Colletes inuncantipedis,specialist,genus_specialist,Colletes inuncantipedis
Colletes laticinctus,specialist,family_specialist,Colletes laticinctus
Colletes petalostemonis,specialist,family_specialist,Colletes petalostemonis
Colletes prosopidis,specialist,genus_specialist,Colletes prosopidis
Colletes robertsonii,specialist,genus_specialist,Colletes robertsonii
Colletes rufocinctus,specialist,family_specialist,Colletes rufocinctus
Colletes scopiventer,specialist,genus_specialist,Colletes scopiventer
Colletes sphaeralceae,specialist,genus_specialist,Colletes sphaeralceae
Colletes susannae,specialist,genus_specialist,Colletes susannae
Colletes wilmattae,specialist,genus_specialist,Colletes wilmattae
Colletes xerophilus,specialist,genus_specialist,Colletes xerophilus
Lasioglossum aberrans,specialist,genus_specialist,Lasioglossum aberrans
Lasioglossum lusorium,specialist,genus_specialist,Lasioglossum lusorium
Lasioglossum noctivaga,specialist,genus_specialist,Lasioglossum noctivaga
Lasioglossum texanum,specialist,genus_specialist,Lasioglossum texanum
Dieunomia bolliana,specialist,family_specialist,Dieunomia bolliana
Dieunomia triangulifera,specialist,genus_specialist,Dieunomia triangulifera
Conanthalictus cotullensis,specialist,genus_specialist,Conanthalictus cotullensis
Conanthalictus bakeri,specialist,genus_specialist,Conanthalictus bakeri
Dufourea marginata,specialist,family_specialist,Dufourea marginata
Dufourea pulchricornis,specialist,family_specialist,Dufourea pulchricornis
Sphecodosoma beameri,specialist,genus_specialist,Sphecodosoma beameri
Sphecodosoma dicksoni,specialist,genus_specialist,Sphecodosoma dicksoni
Lithurgopsis apicalis,specialist,family_specialist,Lithurgopsis apicalis
Lithurgopsis littoralis,specialist,family_specialist,Lithurgopsis littoralis
Anthidium atripes,specialist,family_specialist,Anthidium atripes
Anthidium clypeodentatum,specialist,family_specialist,Anthidium clypeodentatum
Anthidium emarginatum,specialist,genus_specialist,Anthidium emarginatum
Anthidium mormonum,generalist,generalist,NA
Anthidium palmarum,specialist,genus_specialist,Anthidium palmarum
Anthidium tenuiflorae,specialist,family_specialist,Anthidium tenuiflorae
Anthidium utahense,specialist,family_specialist,Anthidium utahense
Dianthidium parvum,specialist,family_specialist,Dianthidium parvum
Dianthidium platyurum,specialist,family_specialist,Dianthidium platyurum
Dianthidium ulkei,specialist,family_specialist,Dianthidium ulkei
Trachusa bequaerti,specialist,genus_specialist,Trachusa bequaerti
Trachusa larreae,specialist,genus_specialist,Trachusa larreae
Megachile agustini,specialist,family_specialist,Megachile agustini
Megachile chilopsidis,specialist,family_specialist,Megachile chilopsidis
Megachile fidelis,specialist,family_specialist,Megachile fidelis
Megachile fortis,specialist,genus_specialist,Megachile fortis
Megachile lobatifrons,specialist,family_specialist,Megachile lobatifrons
Megachile manifesta,specialist,family_specialist,Megachile manifesta
Megachile newberryae,specialist,family_specialist,Megachile newberryae
Megachile odontostoma,specialist,family_specialist,Megachile odontostoma
Megachile perihirta,generalist,generalist,NA
Megachile rossi,specialist,family_specialist,Megachile rossi
Megachile soledadensis,specialist,family_specialist,Megachile soledadensis
Megachile subexilis,specialist,family_specialist,Megachile subexilis
Megachile subnigra,specialist,family_specialist,Megachile subnigra
Megachile wheeleri,specialist,family_specialist,Megachile wheeleri
Ashmeadiella cubiceps,specialist,family_specialist,Ashmeadiella cubiceps
Ashmeadiella erema,specialist,family_specialist,Ashmeadiella erema
Ashmeadiella opuntiae,specialist,family_specialist,Ashmeadiella opuntiae
Ashmeadiella prosopidis,specialist,family_specialist,Ashmeadiella prosopidis
Ashmeadiella rhodognatha,specialist,family_specialist,Ashmeadiella rhodognatha
Ashmeadiella rubrella,specialist,family_specialist,Ashmeadiella rubrella
Atoposmia daleae,specialist,genus_specialist,Atoposmia daleae
Heriades cressoni,specialist,family_specialist,Heriades cressoni
Hoplitis biscutellae,specialist,genus_specialist,Hoplitis biscutellae
Hoplitis incanescens,specialist,genus_specialist,Hoplitis incanescens
Osmia californica,specialist,family_specialist,Osmia californica
Osmia dakotensis,specialist,family_specialist,Osmia dakotensis
Osmia integra,specialist,family_specialist,Osmia integra
Osmia latisulcata,specialist,family_specialist,Osmia latisulcata
Osmia longula,specialist,family_specialist,Osmia longula
Osmia montana,specialist,family_specialist,Osmia montana
Osmia nigrifrons,specialist,family_specialist,Osmia nigrifrons
Osmia ribifloris,specialist,family_specialist,Osmia ribifloris
Osmia subaustralis,specialist,family_specialist,Osmia subaustralis
Osmia titusi,specialist,family_specialist,Osmia phenax
Hesperapis carinata,specialist,family_specialist,Hesperapis carinata
Hesperapis larreae,specialist,genus_specialist,Hesperapis larreae
Hesperapis rhodocerata,specialist,family_specialist,Hesperapis rhodocerata
Hesperapis trochanterata,specialist,genus_specialist,Hesperapis trochanterata
Ancylandrena atoposoma,specialist,family_specialist,Ancylandrena atoposoma
Ancylandrena koebelei,specialist,family_specialist,Ancylandrena koebelei
Ancylandrena larreae,specialist,genus_specialist,Ancylandrena larreae
Ancylandrena rozeni,specialist,family_specialist,Ancylandrena rozeni
Andrena ablegata,specialist,genus_specialist,Andrena ablegata
Andrena agoseridis,specialist,genus_specialist,Andrena agoseridis
Andrena aliciarum,specialist,family_specialist,Andrena aliciarum
Andrena anatolis,specialist,genus_specialist,Andrena anatolis
Andrena annectens,specialist,genus_specialist,Andrena annectens
Andrena apasta,specialist,genus_specialist,Andrena apasta
Andrena arctostaphylae,specialist,genus_specialist,Andrena arctostaphylae
Andrena aurihirta,specialist,family_specialist,Andrena aurihirta
Andrena auripes,specialist,family_specialist,Andrena auripes
Andrena baeriae,specialist,genus_specialist,Andrena baeriae
Andrena barberi,specialist,family_specialist,Andrena barberi
Andrena bendensis,specialist,family_specialist,Andrena bendensis
Andrena berberidis,specialist,genus_specialist,Andrena berberidis
Andrena bernardina,specialist,genus_specialist,Andrena bernardina
Andrena birtwelli,specialist,genus_specialist,Andrena birtwelli
Andrena blaisdelli,specialist,genus_specialist,Andrena blaisdelli
Andrena blennospermatis,specialist,family_specialist,Andrena blennospermatis
Andrena bocensis,specialist,family_specialist,Andrena bocensis
Andrena boronensis,specialist,genus_specialist,Andrena boronensis
Andrena brooksi,specialist,family_specialist,Andrena brooksi
Andrena bucculenta,specialist,genus_specialist,Andrena bucculenta
Andrena caerulea,specialist,genus_specialist,Andrena caerulea
Andrena caliginosa,specialist,genus_specialist,Andrena caliginosa
Andrena calvata,specialist,family_specialist,Andrena calvata
Andrena camissoniae,specialist,genus_specialist,Andrena camissoniae
Andrena candidiformis,generalist,generalist,NA
Andrena chalybaea,specialist,genus_specialist,Andrena chalybaea
Andrena chalybioides,specialist,genus_specialist,Andrena chalybioides
Andrena chapmanae,specialist,genus_specialist,Andrena chapmanae
Andrena chlorosoma,specialist,family_specialist,Andrena chlorosoma
Andrena chylismiae,specialist,genus_specialist,Andrena chylismiae
Andrena citrinihirta,specialist,family_specialist,Andrena citrinihirta
Andrena cleodora,specialist,genus_specialist,Andrena cleodora
Andrena columbiana,specialist,family_specialist,Andrena columbiana
Andrena compositarum,specialist,family_specialist,Andrena compositarum
Andrena concinnula,specialist,genus_specialist,Andrena concinnula
Andrena crudeni,specialist,genus_specialist,Andrena crudeni
Andrena cryptanthae,specialist,genus_specialist,Andrena cryptanthae
Andrena cyanosoma,specialist,genus_specialist,Andrena cyanosoma
Andrena decolorata,specialist,genus_specialist,Andrena decolorata
Andrena deserticola,specialist,genus_specialist,Andrena deserticola
Andrena dissimulans,specialist,genus_specialist,Andrena dissimulans
Andrena dissona,specialist,genus_specialist,Andrena dissona
Andrena duboisi,specialist,family_specialist,Andrena duboisi
Andrena escondida,specialist,genus_specialist,Andrena escondida
Andrena evoluta,specialist,genus_specialist,Andrena evoluta
Andrena flandersi,specialist,genus_specialist,Andrena flandersi
Andrena foxii,specialist,genus_specialist,Andrena foxii
Andrena furva,specialist,genus_specialist,Andrena furva
Andrena gibberis,specialist,genus_specialist,Andrena gibberis
Andrena gnaphalii,specialist,genus_specialist,Andrena gnaphalii
Andrena grindeliae,specialist,family_specialist,Andrena grindeliae
Andrena hermosa,specialist,genus_specialist,Andrena hermosa
Andrena inculta,specialist,genus_specialist,Andrena inculta
Andrena isocomae,specialist,family_specialist,Andrena isocomae
Andrena labergei,specialist,genus_specialist,Andrena labergei
Andrena lativentris,specialist,family_specialist,Andrena lativentris
Andrena layiae,specialist,genus_specialist,Andrena layiae
Andrena levipes,specialist,family_specialist,Andrena levipes
Andrena lewisorum,specialist,genus_specialist,Andrena lewisorum
Andrena linsleyi,specialist,genus_specialist,Andrena linsleyi
Andrena linsleyana,specialist,genus_specialist,Andrena linsleyana
Andrena macrocephala,specialist,genus_specialist,Andrena nigripes
Andrena macswaini,specialist,genus_specialist,Andrena macswaini
Andrena malacothricidis,specialist,genus_specialist,Andrena malacothricidis
Andrena mojavensis,specialist,genus_specialist,Andrena mojavensis
Andrena monogonoparia,specialist,genus_specialist,Andrena monogonoparia
Andrena monticola,specialist,family_specialist,Andrena monticola
Andrena nemophilae,specialist,genus_specialist,Andrena nemophilae
Andrena neomexicana,specialist,genus_specialist,Andrena neomexicana
Andrena nevadae,specialist,genus_specialist,Andrena nevadae
Andrena nevadensis,specialist,genus_specialist,Andrena nevadensis
Andrena nigripes,specialist,genus_specialist,Andrena nigripes
Andrena nothocalaidis,specialist,genus_specialist,Andrena nothocalaidis
Andrena oenotherae,specialist,genus_specialist,Andrena oenotherae
Andrena olivacea,specialist,family_specialist,Andrena olivacea
Andrena omninigra,specialist,genus_specialist,Andrena omninigra
Andrena orthocarpi,specialist,genus_specialist,Andrena orthocarpi
Andrena osmoides,specialist,genus_specialist,Andrena osmoides
Andrena palpalis,specialist,genus_specialist,Andrena palpalis
Andrena papagorum,specialist,genus_specialist,Andrena papagorum
Andrena parachalybea,specialist,genus_specialist,Andrena parachalybea
Andrena pensilis,specialist,genus_specialist,Andrena pensilis
Andrena perpunctata,specialist,genus_specialist,Andrena perpunctata
Andrena plana,specialist,genus_specialist,Andrena plana
Andrena porterae,specialist,genus_specialist,Andrena porterae
Andrena principalis,specialist,genus_specialist,Andrena principalis
Andrena pulverea,specialist,genus_specialist,Andrena pulverea
Andrena puthua,specialist,family_specialist,Andrena puthua
Andrena raveni,specialist,genus_specialist,Andrena raveni
Andrena ribblei,specialist,genus_specialist,Andrena ribblei
Andrena rozeni,specialist,genus_specialist,Andrena rozeni
Andrena rubrotincta,specialist,genus_specialist,Andrena rubrotincta
Andrena salicifloris,specialist,genus_specialist,Andrena salicifloris
Andrena scutellinitens,specialist,family_specialist,Andrena scutellinitens
Andrena semipunctata,specialist,genus_specialist,Andrena semipunctata
Andrena sonorensis,specialist,family_specialist,Andrena sonorensis
Andrena sperryi,specialist,genus_specialist,Andrena sperryi
Andrena sphaeralceae,specialist,genus_specialist,Andrena sphaeralceae
Andrena stagei,specialist,genus_specialist,Andrena stagei
Andrena striatifrons,specialist,genus_specialist,Andrena striatifrons
Andrena suavis,specialist,genus_specialist,Andrena suavis
Andrena subapasta,specialist,genus_specialist,Andrena subapasta
Andrena subaustralis,specialist,genus_specialist,Andrena subaustralis
Andrena subchalybea,specialist,genus_specialist,Andrena subchalybea
Andrena sublayiae,specialist,genus_specialist,Andrena sublayiae
Andrena submaura,specialist,genus_specialist,Andrena submaura
Andrena submoesta,specialist,genus_specialist,Andrena submoesta
Andrena subnigripes,specialist,genus_specialist,Andrena subnigripes
Andrena tegularis,specialist,family_specialist,Andrena tegularis
Andrena timberlakei,specialist,genus_specialist,Andrena timberlakei
Andrena torulosa,specialist,genus_specialist,Andrena torulosa
Andrena utahensis,specialist,family_specialist,Andrena utahensis
Andrena vanduzeei,specialist,genus_specialist,Andrena vanduzeei
Andrena vandykei,specialist,genus_specialist,Andrena vandykei
Andrena vespertina,specialist,genus_specialist,Andrena vespertina
Andrena winnemuccana,specialist,family_specialist,Andrena winnemuccana
Andrena xanthigera,specialist,family_specialist,Andrena xanthigera
Megandrena enceliae,specialist,genus_specialist,Megandrena enceliae
Megandrena mentzeliae,specialist,family_specialist,Megandrena mentzeliae
Calliopsis anomoptera,specialist,family_specialist,Calliopsis anomoptera
Calliopsis anthidius,specialist,genus_specialist,Calliopsis anthidius
Calliopsis barbata,specialist,genus_specialist,Calliopsis barbata
Calliopsis bernardinensis,specialist,family_specialist,Calliopsis bernardinensis
Calliopsis chlorops,specialist,family_specialist,Calliopsis chlorops
Calliopsis cinctus,specialist,genus_specialist,Calliopsis cinctus
Calliopsis comptula,specialist,genus_specialist,Calliopsis comptula
Calliopsis deserticola,specialist,family_specialist,Calliopsis deserticola
Calliopsis edwardsii,specialist,genus_specialist,Calliopsis edwardsii
Calliopsis empelia,specialist,genus_specialist,Calliopsis empelia
Calliopsis foleyi,specialist,genus_specialist,Calliopsis foleyi
Calliopsis fracta,specialist,family_specialist,Calliopsis fracta
Calliopsis fulgida,specialist,genus_specialist,Calliopsis fulgida
Calliopsis gilva,specialist,genus_specialist,Calliopsis gilva
Calliopsis hesperia,specialist,genus_specialist,Calliopsis hesperia
Calliopsis larreae,specialist,genus_specialist,Calliopsis larreae
Calliopsis limbus,specialist,genus_specialist,Calliopsis limbus
Calliopsis linsleyi,specialist,genus_specialist,Calliopsis linsleyi
Calliopsis macswaini,specialist,genus_specialist,Calliopsis macswaini
Calliopsis mellipes,specialist,genus_specialist,Calliopsis mellipes
Calliopsis nigromaculata,specialist,family_specialist,Calliopsis nigromaculata
Calliopsis obscurella,specialist,genus_specialist,Calliopsis obscurella
Calliopsis pectidis,specialist,family_specialist,Calliopsis pectidis
Calliopsis persimilis,specialist,genus_specialist,Calliopsis persimilis
Calliopsis phaceliae,specialist,genus_specialist,Calliopsis phaceliae
Calliopsis pugionis,specialist,family_specialist,Calliopsis pugionis
Calliopsis rhodophila,specialist,family_specialist,Calliopsis rhodophila
Calliopsis rogeri,specialist,family_specialist,Calliopsis rogeri
Calliopsis squamifera,specialist,family_specialist,Calliopsis squamifera
Calliopsis syphar,specialist,genus_specialist,Calliopsis syphar
Calliopsis trifolii,specialist,genus_specialist,Calliopsis trifolii
Panurginus cressoniellus,specialist,genus_specialist,Panurginus cressoniellus
Panurginus ineptus,specialist,genus_specialist,Panurginus ineptus
Panurginus melanocephalus,specialist,genus_specialist,Panurginus melanocephalus
Panurginus occidentalis,specialist,genus_specialist,Panurginus occidentalis
Macrotera arcuata,specialist,genus_specialist,Macrotera arcuata
Macrotera azteca,specialist,genus_specialist,Macrotera azteca
Perdita abdominalis,specialist,family_specialist,Perdita abdominalis
Perdita adjuncta,specialist,family_specialist,Perdita adjuncta
Perdita adustiventris,specialist,genus_specialist,Perdita adustiventris
Perdita aemula,specialist,family_specialist,Perdita aemula
Perdita albonotata,specialist,family_specialist,Perdita albonotata
Perdita apacheorum,specialist,family_specialist,Perdita apacheorum
Perdita aplopappi,specialist,family_specialist,Perdita aplopappi
Perdita arenaria,specialist,genus_specialist,Perdita arenaria
Perdita argemones,specialist,genus_specialist,Perdita argemones
Perdita aridella,specialist,family_specialist,Perdita aridella
Perdita atrata,specialist,genus_specialist,Perdita atrata
Perdita aureovittata,specialist,family_specialist,Perdita aureovittata
Perdita austini,specialist,family_specialist,Perdita austini
Perdita baccharidis,specialist,genus_specialist,Perdita baccharidis
Perdita beatula,specialist,genus_specialist,Perdita beatula
Perdita bebbiae,specialist,genus_specialist,Perdita bebbiae
Perdita bellula,specialist,genus_specialist,Perdita bellula
Perdita bicuspidariae,specialist,genus_specialist,Perdita bicuspidariae
Perdita biguttata,specialist,genus_specialist,Perdita biguttata
Perdita bilobata,specialist,genus_specialist,Perdita bilobata
Perdita binotata,specialist,genus_specialist,Perdita binotata
Perdita bispinata,specialist,genus_specialist,Perdita bispinata
Perdita brevihirta,specialist,family_specialist,Perdita brevihirta
Perdita bridwelli,specialist,genus_specialist,Perdita bridwelli
Perdita butleri,specialist,genus_specialist,Perdita butleri
Perdita californica,specialist,genus_specialist,Perdita californica
Perdita calochorti,specialist,genus_specialist,Perdita calochorti
Perdita celadona,specialist,genus_specialist,Perdita celadona
Perdita cephalotes,specialist,family_specialist,Perdita cephalotes
Perdita chamaesarachae,specialist,genus_specialist,Perdita chamaesarachae
Perdita chloris,specialist,genus_specialist,Perdita chloris
Perdita chrysothamni,specialist,family_specialist,Perdita chrysothamni
Perdita ciliata,specialist,family_specialist,Perdita ciliata
Perdita claypolei,specialist,genus_specialist,Perdita claypolei
Perdita clypeata,specialist,genus_specialist,Perdita clypeata
Perdita coalingensis,specialist,genus_specialist,Perdita coalingensis
Perdita coldeniae,specialist,genus_specialist,Perdita coldeniae
Perdita colei,specialist,family_specialist,Perdita colei
Perdita compta,specialist,genus_specialist,Perdita compta
Perdita covilleae,specialist,genus_specialist,Perdita covilleae
Perdita crandalli,specialist,genus_specialist,Perdita crandalli
Perdita crassula,specialist,genus_specialist,Perdita crassula
Perdita croceipes,specialist,family_specialist,Perdita croceipes
Perdita cruciferarum,specialist,family_specialist,Perdita cruciferarum
Perdita cuspidata,specialist,genus_specialist,Perdita cuspidata
Perdita dammersi,specialist,family_specialist,Perdita dammersi
Perdita dentata,specialist,genus_specialist,Perdita dentata
Perdita depressa,specialist,genus_specialist,Perdita depressa
Perdita desdemona,specialist,genus_specialist,Perdita desdemona
Perdita dicksoni,specialist,family_specialist,Perdita dicksoni
Perdita distans,specialist,genus_specialist,Perdita distans
Perdita distropica,specialist,genus_specialist,Perdita distropica
Perdita diversa,specialist,genus_specialist,Perdita diversa
Perdita drymariae,specialist,genus_specialist,Perdita drymariae
Perdita dubia,specialist,family_specialist,Perdita dubia
Perdita electa,specialist,family_specialist,Perdita electa
Perdita elegans,specialist,genus_specialist,Perdita elegans
Perdita eremica,specialist,family_specialist,Perdita eremica
Perdita eremophila,specialist,genus_specialist,Perdita eremophila
Perdita eriastri,specialist,genus_specialist,Perdita eriastri
Perdita ericameriae,specialist,family_specialist,Perdita ericameriae
Perdita erythropyga,specialist,family_specialist,Perdita erythropyga
Perdita euphorbiae,specialist,genus_specialist,Perdita euphorbiae
Perdita exilis,specialist,genus_specialist,Perdita exilis
Perdita exusta,specialist,genus_specialist,Perdita exusta
Perdita festiva,specialist,family_specialist,Perdita festiva
Perdita fieldi,generalist,generalist,NA
Perdita flavifrons,specialist,family_specialist,Perdita flavifrons
Perdita florissantella,specialist,genus_specialist,Perdita florissantella
Perdita foleyi,specialist,family_specialist,Perdita foleyi
Perdita frontalis,specialist,genus_specialist,Perdita frontalis
Perdita genalis,specialist,family_specialist,Perdita genalis
Perdita gentilis,specialist,genus_specialist,Perdita gentilis
Perdita giliae,specialist,genus_specialist,Perdita giliae
Perdita heliophila,specialist,family_specialist,Perdita heliophila
Perdita heterothecae,specialist,family_specialist,Perdita heterothecae
Perdita hirsuta,specialist,family_specialist,Perdita hirsuta
Perdita hirticeps,specialist,family_specialist,Perdita hirticeps
Perdita holoxantha,specialist,genus_specialist,Perdita holoxantha
Perdita hurdi,specialist,family_specialist,Perdita hurdi
Perdita idonea,specialist,genus_specialist,Perdita idonea
Perdita imbellis,specialist,family_specialist,Perdita imbellis
Perdita indioensis,specialist,family_specialist,Perdita indioensis
Perdita innotata,specialist,genus_specialist,Perdita innotata
Perdita interrupta,specialist,genus_specialist,Perdita interrupta
Perdita interserta,specialist,family_specialist,Perdita interserta
Perdita irregularis,specialist,genus_specialist,Perdita irregularis
Perdita isocomae,specialist,family_specialist,Perdita isocomae
Perdita jucunda,specialist,genus_specialist,Perdita jucunda
Perdita knowltoni,specialist,genus_specialist,Perdita knowltoni
Perdita koebelei,specialist,family_specialist,Perdita koebelei
Perdita labrata,specialist,genus_specialist,Perdita labrata
Perdita lateralis,specialist,genus_specialist,Perdita lateralis
Perdita layiae,specialist,genus_specialist,Perdita layiae
Perdita lepidosparti,specialist,family_specialist,Perdita lepidosparti
Perdita leucostoma,specialist,genus_specialist,Perdita leucostoma
Perdita lucens,specialist,genus_specialist,Perdita lucens
Perdita luculenta,specialist,family_specialist,Perdita luculenta
Perdita lunulata,specialist,genus_specialist,Perdita lunulata
Perdita lycii,specialist,genus_specialist,Perdita lycii
Perdita maculosa,specialist,genus_specialist,Perdita maculosa
Perdita mandibularis,specialist,family_specialist,Perdita mandibularis
Perdita meconis,specialist,genus_specialist,Perdita meconis
Perdita media,specialist,family_specialist,Perdita media
Perdita melanochlora,specialist,family_specialist,Perdita melanochlora
Perdita mentzeliae,specialist,genus_specialist,Perdita mentzeliae
Perdita mesillensis,specialist,family_specialist,Perdita mesillensis
Perdita mimula,specialist,family_specialist,Perdita mimula
Perdita mohavensis,specialist,family_specialist,Perdita mohavensis
Perdita montereyensis,specialist,genus_specialist,Perdita montereyensis
Perdita mucronata,specialist,genus_specialist,Perdita mucronata
Perdita multiflorae,specialist,genus_specialist,Perdita multiflorae
Perdita munda,specialist,family_specialist,Perdita munda
Perdita namatophila,specialist,genus_specialist,Perdita namatophila
Perdita nanula,specialist,genus_specialist,Perdita nanula
Perdita navarretiae,specialist,family_specialist,Perdita navarretiae
Perdita nevadensis,specialist,genus_specialist,Perdita nevadensis
Perdita nigridia,specialist,genus_specialist,Perdita nigridia
Perdita nigriventris,specialist,genus_specialist,Perdita nigriventris
Perdita nigrocaerulea,specialist,genus_specialist,Perdita nigrocaerulea
Perdita nitens,specialist,genus_specialist,Perdita nitens
Perdita nuda,specialist,family_specialist,Perdita nuda
Perdita nuttalliae,specialist,genus_specialist,Perdita nuttalliae
Perdita obscurella,specialist,family_specialist,Perdita obscurella
Perdita optiva,specialist,genus_specialist,Perdita optiva
Perdita oregonensis,specialist,family_specialist,Perdita oregonensis
Perdita pachygnatha,specialist,genus_specialist,Perdita pachygnatha
Perdita pallida,specialist,genus_specialist,Perdita pallida
Perdita pallidipes,specialist,genus_specialist,Perdita pallidipes
Perdita pectoralis,specialist,genus_specialist,Perdita pectoralis
Perdita pelargoides,specialist,family_specialist,Perdita pelargoides
Perdita percincta,specialist,genus_specialist,Perdita percincta
Perdita perplexa,specialist,genus_specialist,Perdita perplexa
Perdita plucheae,specialist,genus_specialist,Perdita plucheae
Perdita polita,specialist,family_specialist,Perdita polita
Perdita polycarpae,specialist,family_specialist,Perdita polycarpae
Perdita prodigiosa,specialist,genus_specialist,Perdita prodigiosa
Perdita propinqua,specialist,family_specialist,Perdita propinqua
Perdita prosopidis,specialist,genus_specialist,Perdita prosopidis
Perdita proxima,specialist,family_specialist,Perdita proxima
Perdita punctifera,specialist,genus_specialist,Perdita punctifera
Perdita punctifrons,specialist,family_specialist,Perdita punctifrons
Perdita punctulata,specialist,genus_specialist,Perdita punctulata
Perdita pyrifera,specialist,family_specialist,Perdita pyrifera
Perdita physalidis,specialist,genus_specialist,Perdita physalidis
Perdita rectangulata,specialist,family_specialist,Perdita rectangulata
Perdita repens,specialist,genus_specialist,Perdita repens
Perdita reperta,specialist,family_specialist,Perdita reperta
Perdita retusa,specialist,genus_specialist,Perdita retusa
Perdita rhodogastra,specialist,genus_specialist,Perdita rhodogastra
Perdita rhois,specialist,genus_specialist,Perdita rhois
Perdita rhondae,specialist,genus_specialist,Perdita rhondae
Perdita rivalis,specialist,family_specialist,Perdita rivalis
Perdita robustula,specialist,family_specialist,Perdita robustula
Perdita salicis,specialist,genus_specialist,Perdita salicis
Perdita salviae,specialist,genus_specialist,Perdita salviae
Perdita scitula,specialist,family_specialist,Perdita scitula
Perdita scotti,specialist,genus_specialist,Perdita scotti
Perdita scutellaris,specialist,genus_specialist,Perdita scutellaris
Perdita semicrocea,specialist,family_specialist,Perdita semicrocea
Perdita semilutea,specialist,genus_specialist,Perdita semilutea
Perdita sexfasciata,specialist,genus_specialist,Perdita sexfasciata
Perdita similis,specialist,family_specialist,Perdita similis
Perdita snellingi,specialist,family_specialist,Perdita snellingi
Perdita snowii,specialist,family_specialist,Perdita snowii
Perdita sonorensis,specialist,genus_specialist,Perdita sonorensis
Perdita stephanomeriae,specialist,genus_specialist,Perdita stephanomeriae
Perdita stottleri,specialist,family_specialist,Perdita stottleri
Perdita subfasciata,specialist,family_specialist,Perdita subfasciata
Perdita subvestita,specialist,family_specialist,Perdita subvestita
Perdita swezeyi,specialist,family_specialist,Perdita swezeyi
Perdita sycorax,specialist,genus_specialist,Perdita sycorax
Perdita thelypodii,specialist,genus_specialist,Perdita thelypodii
Perdita thermophila,specialist,genus_specialist,Perdita thermophila
Perdita timberlakei,specialist,genus_specialist,Perdita timberlakei
Perdita titania,specialist,genus_specialist,Perdita titania
Perdita tortifoliae,specialist,genus_specialist,Perdita tortifoliae
Perdita townsendi,specialist,family_specialist,Perdita townsendi
Perdita trifida,specialist,genus_specialist,Perdita trifida
Perdita trimaculata,specialist,family_specialist,Perdita trimaculata
Perdita trisignata,specialist,family_specialist,Perdita trisignata
Perdita tularensis,specialist,genus_specialist,Perdita tularensis
Perdita utahensis,specialist,family_specialist,Perdita utahensis
Perdita ute,specialist,genus_specialist,Perdita ute
Perdita vandykei,specialist,genus_specialist,Perdita vandykei
Perdita varleyi,specialist,genus_specialist,Perdita varleyi
Perdita vesca,specialist,genus_specialist,Perdita vesca
Perdita vespertina,specialist,genus_specialist,Perdita vespertina
Perdita vittata,specialist,family_specialist,Perdita vittata
Perdita wasbaueri,specialist,genus_specialist,Perdita wasbaueri
Perdita wilmattae,specialist,family_specialist,Perdita wilmattae
Perdita xanthochroa,specialist,genus_specialist,Perdita xanthochroa
Perdita xanthodes,specialist,family_specialist,Perdita xanthodes
Perdita xerophila,specialist,genus_specialist,Perdita xerophila
Perdita yanegai,specialist,genus_specialist,Perdita yanegai
Perdita yosemitensis,specialist,genus_specialist,Perdita yosemitensis
Protandrena tidestromiae,specialist,genus_specialist,Protandrena tidestromiae
Pseudopanurgus atricornis,specialist,family_specialist,Pseudopanurgus atricornis
Pseudopanurgus barberi,specialist,family_specialist,Pseudopanurgus barberi
Pseudopanurgus citripes,specialist,family_specialist,Pseudopanurgus citripes
Pseudopanurgus dicksoni,specialist,family_specialist,Pseudopanurgus dicksoni
Pseudopanurgus didirupa,specialist,family_specialist,Pseudopanurgus didirupa
Pseudopanurgus irregularis,specialist,genus_specialist,Pseudopanurgus irregularis
Pseudopanurgus nanulus,specialist,genus_specialist,Pseudopanurgus nanulus
Pseudopanurgus pectidellus,specialist,family_specialist,Pseudopanurgus pectidellus
Pseudopanurgus pectiphilus,specialist,family_specialist,Pseudopanurgus pectiphilus
Pseudopanurgus perarmatus,specialist,family_specialist,Pseudopanurgus perarmatus
Pseudopanurgus perpunctatus,specialist,family_specialist,Pseudopanurgus perpunctatus
Pseudopanurgus porterae,specialist,family_specialist,Pseudopanurgus porterae
Pseudopanurgus verticalis,specialist,family_specialist,Pseudopanurgus verticalis
Anthophora abroniae,specialist,genus_specialist,Anthophora abroniae
Anthophora cockerelli,specialist,family_specialist,Anthophora cockerelli
Anthophora exigua,specialist,family_specialist,Anthophora exigua
Anthophora flavocincta,specialist,genus_specialist,Anthophora flavocincta
Anthophora hololeuca,specialist,family_specialist,Anthophora hololeuca
Anthophora maculifrons,specialist,family_specialist,Anthophora maculifrons
Anthophora phaceliae,specialist,genus_specialist,Anthophora phaceliae
Habropoda pallida,specialist,family_specialist,Habropoda pallida
Centris californica,specialist,family_specialist,Centris californica
Diadasia angusticeps,specialist,genus_specialist,Diadasia angusticeps
Diadasia bituberculata,specialist,genus_specialist,Diadasia bituberculata
Diadasia consociata,specialist,family_specialist,Diadasia consociata
Diadasia laticauda,specialist,family_specialist,Diadasia laticauda
Diadasia martialis,specialist,genus_specialist,Diadasia martialis
Diadasia nigrifrons,specialist,family_specialist,Diadasia nigrifrons
Diadasia nitidifrons,specialist,family_specialist,Diadasia nitidifrons
Diadasia opuntiae,specialist,genus_specialist,Diadasia opuntiae
Diadasia palmarum,specialist,genus_specialist,Diadasia palmarum
Diadasia tuberculifrons,specialist,genus_specialist,Diadasia tuberculifrons
Eucera acerba,specialist,genus_specialist,Eucera acerba
Eucera amsinckiae,specialist,genus_specialist,Eucera amsinckiae
Melissodes appressus,specialist,family_specialist,Melissodes appressus
Melissodes bicoloratus,specialist,family_specialist,Melissodes bicoloratus
Melissodes brevipyga,specialist,family_specialist,Melissodes brevipyga
Melissodes clarkiae,specialist,genus_specialist,Melissodes clarkiae
Melissodes compositus,specialist,family_specialist,Melissodes compositus
Melissodes fasciatellus,specialist,family_specialist,Melissodes fasciatellus
Melissodes hurdi,specialist,family_specialist,Melissodes hurdi
Melissodes hymenoxidis,specialist,family_specialist,Melissodes hymenoxidis
Melissodes micheneri,specialist,family_specialist,Melissodes micheneri
Melissodes monoensis,specialist,family_specialist,Melissodes monoensis
Melissodes moorei,specialist,family_specialist,Melissodes moorei
Melissodes ochraea,specialist,family_specialist,Melissodes ochraea
Melissodes paululus,specialist,family_specialist,Melissodes paululus
Melissodes perpolitus,specialist,family_specialist,Melissodes perpolitus
Melissodes personatellus,specialist,family_specialist,Melissodes personatellus
Melissodes pullatellus,specialist,family_specialist,Melissodes pullatellus
Melissodes robusitor,specialist,family_specialist,Melissodes robusitor
Melissodes rufipes,specialist,family_specialist,Melissodes rufipes
Melissodes tristis,specialist,family_specialist,Melissodes tristis
Melissodes velutinus,specialist,family_specialist,Melissodes velutinus
Melissodes vernalis,specialist,family_specialist,Melissodes vernalis
Peponapis michelbacherorum,generalist,generalist,NA
Xenoglossa angustior,specialist,genus_specialist,Xenoglossa angustior
Xenoglossa gabbii,specialist,genus_specialist,Xenoglossa gabbii
Xenoglossa mustelina,specialist,genus_specialist,Xenoglossa mustelina
Anthophorula euphorbiae,specialist,genus_specialist,Anthophorula euphorbiae
Ceratina sequoiae,specialist,genus_specialist,Ceratina sequoiae
Colletes annae,specialist,family_specialist,Colletes annae
Colletes californicus,specialist,genus_specialist,Colletes californicus
Colletes covilleae,specialist,genus_specialist,Colletes covilleae
Colletes larreae,specialist,genus_specialist,Colletes larreae
Colletes nigrifrons,specialist,genus_specialist,Colletes nigrifrons
Colletes paniscus,specialist,genus_specialist,Colletes paniscus
Colletes stepheni,specialist,family_specialist,Colletes stepheni
Colletes turgiventris,specialist,genus_specialist,Colletes turgiventris
Eulonchopria punctatissima,specialist,genus_specialist,Eulonchopria punctatissima
Lasioglossum antiochense,specialist,genus_specialist,Lasioglossum antiochense
Lasioglossum potosi,specialist,genus_specialist,Lasioglossum potosi
Conanthalictus caerulescens,specialist,genus_specialist,Conanthalictus caerulescens
Conanthalictus cockerelli,specialist,family_specialist,Conanthalictus cockerelli
Conanthalictus conanthi,specialist,genus_specialist,Conanthalictus conanthi
Conanthalictus deserticola,specialist,genus_specialist,Conanthalictus deserticola
Conanthalictus macrops,specialist,genus_specialist,Conanthalictus macrops
Conanthalictus mentzeliae,specialist,genus_specialist,Conanthalictus mentzeliae
Conanthalictus minor,specialist,family_specialist,Conanthalictus minor
Conanthalictus namatophilus,specialist,family_specialist,Conanthalictus namatophilus
Conanthalictus nigricans,specialist,genus_specialist,Conanthalictus nigricans
Conanthalictus seminiger,specialist,genus_specialist,Conanthalictus seminiger
Conanthalictus wilmattae,specialist,genus_specialist,Conanthalictus wilmattae
Dufourea afasciata,specialist,genus_specialist,Dufourea afasciata
Dufourea boregoensis,specialist,genus_specialist,Dufourea boregoensis
Dufourea calochorti,specialist,genus_specialist,Dufourea calochorti
Dufourea campanulae,specialist,genus_specialist,Dufourea campanulae
Dufourea cuprea,generalist,generalist,NA
Dufourea davidsoni,specialist,genus_specialist,Dufourea davidsoni
Dufourea dentipes,specialist,genus_specialist,Dufourea dentipes
Dufourea echinocacti,specialist,genus_specialist,Dufourea echinocacti
Dufourea femorata,specialist,genus_specialist,Dufourea femorata
Dufourea fimbriata,specialist,genus_specialist,Dufourea fimbriata
Dufourea gilia,specialist,genus_specialist,Dufourea gilia
Dufourea holocyanea,specialist,genus_specialist,Dufourea holocyanea
Dufourea latifrons,specialist,genus_specialist,Dufourea latifrons
Dufourea linanthi,specialist,genus_specialist,Dufourea linanthi
Dufourea macswaini,specialist,genus_specialist,Dufourea macswaini
Dufourea malacothricis,specialist,genus_specialist,Dufourea malacothricis
Dufourea maura,specialist,genus_specialist,Dufourea maura
Dufourea moldenkei,specialist,genus_specialist,Dufourea moldenkei
Dufourea mulleri,specialist,genus_specialist,Dufourea mulleri
Dufourea nemophilae,specialist,genus_specialist,Dufourea nemophilae
Dufourea nudicornis,specialist,genus_specialist,Dufourea nudicornis
Dufourea oenotherae,specialist,genus_specialist,Dufourea oenotherae
Dufourea orovada,specialist,genus_specialist,Dufourea orovada
Dufourea pectinipes,specialist,genus_specialist,Dufourea pectinipes
Dufourea scintilla,specialist,genus_specialist,Dufourea scintilla
Dufourea sparsipunctata,specialist,family_specialist,Dufourea sparsipunctata
Dufourea spilura,specialist,genus_specialist,Dufourea spilura
Dufourea subdavidsoni,specialist,genus_specialist,Dufourea subdavidsoni
Dufourea trochantera,specialist,genus_specialist,Dufourea trochantera
Dufourea truncata,specialist,genus_specialist,Dufourea truncata
Dufourea tuolumne,specialist,genus_specialist,Dufourea tuolumne
Dufourea vanduzeei,specialist,genus_specialist,Dufourea vanduzeei
Dufourea vandykei,specialist,genus_specialist,Dufourea vandykei
Dufourea versatilis,specialist,genus_specialist,Dufourea versatilis
Dufourea virgata,specialist,genus_specialist,Dufourea virgata
Micralictoides ruficaudus,specialist,genus_specialist,Micralictoides ruficaudus
Protodufourea eickworti,specialist,genus_specialist,Protodufourea eickworti
Protodufourea koso,specialist,genus_specialist,Protodufourea koso
Protodufourea parca,specialist,genus_specialist,Protodufourea parca
Protodufourea wasbaueri,specialist,genus_specialist,Protodufourea wasbaueri
Protodufourea zavortinki,specialist,genus_specialist,Protodufourea zavortinki
Xeralictus bicuspidariae,specialist,genus_specialist,Xeralictus bicuspidariae
Xeralictus timberlakei,specialist,genus_specialist,Xeralictus timberlakei
Lithurgopsis echinocacti,specialist,family_specialist,Lithurgopsis echinocacti
Lithurgopsis listrota,specialist,family_specialist,Lithurgopsis listrota
Lithurgopsis planifrons,specialist,family_specialist,Lithurgopsis planifrons
Anthidium dammersi,specialist,family_specialist,Anthidium dammersi
Anthidium pallidiclypeum,specialist,family_specialist,Anthidium pallidiclypeum
Anthidium placitum,specialist,genus_specialist,Anthidium placitum
Dianthidium cressonii,specialist,family_specialist,Dianthidium cressonii
Dianthidium singulare,specialist,family_specialist,Dianthidium singulare
Dianthidium subparvum,specialist,family_specialist,Dianthidium subparvum
Megachile alata,specialist,family_specialist,Megachile alata
Megachile gravita,specialist,genus_specialist,Megachile gravita
Megachile mellitarsis,specialist,family_specialist,Megachile mellitarsis
Megachile nevadensis,specialist,family_specialist,Megachile nevadensis
Megachile occidentalis,specialist,family_specialist,Megachile prosopidis
Megachile pascoensis,specialist,genus_specialist,Megachile pascoensis
Megachile umatillensis,specialist,genus_specialist,Megachile umatillensis
Ashmeadiella australis,specialist,genus_specialist,Ashmeadiella australis
Ashmeadiella cazieri,specialist,family_specialist,Ashmeadiella cazieri
Ashmeadiella inyoensis,specialist,family_specialist,Ashmeadiella inyoensis
Ashmeadiella micheneri,specialist,genus_specialist,Ashmeadiella micheneri
Ashmeadiella rufitarsis,specialist,genus_specialist,Ashmeadiella rufitarsis
Ashmeadiella salviae,specialist,family_specialist,Ashmeadiella salviae
Ashmeadiella timberlakei,specialist,family_specialist,Ashmeadiella timberlakei
Ashmeadiella xenomastax,specialist,family_specialist,Ashmeadiella xenomastax
Atoposmia abjecta,specialist,genus_specialist,Atoposmia abjecta
Atoposmia anthodyta,specialist,genus_specialist,Atoposmia anthodyta
Atoposmia copelandica,specialist,genus_specialist,Atoposmia copelandica
Atoposmia enceliae,specialist,family_specialist,Atoposmia enceliae
Atoposmia hypostomalis,specialist,family_specialist,Atoposmia hypostomalis
Atoposmia oregona,specialist,genus_specialist,Atoposmia oregona
Atoposmia robustula,specialist,family_specialist,Atoposmia robustula
Atoposmia segregata,specialist,family_specialist,Atoposmia segregata
Atoposmia timberlakei,specialist,family_specialist,Atoposmia timberlakei
Atoposmia triodonta,specialist,genus_specialist,Atoposmia triodonta
Chelostoma californicum,specialist,genus_specialist,Chelostoma californicum
Chelostoma cockerelli,specialist,genus_specialist,Chelostoma cockerelli
Chelostoma incisulum,specialist,genus_specialist,Chelostoma incisulum
Chelostoma marginatum,specialist,genus_specialist,Chelostoma marginatum
Chelostoma minutum,specialist,family_specialist,Chelostoma minutum
Chelostoma phaceliae,specialist,genus_specialist,Chelostoma phaceliae
Heriades crucifera,specialist,family_specialist,Heriades crucifera
Hoplitis basingeri,specialist,genus_specialist,Hoplitis basingeri
Hoplitis bunocephala,specialist,genus_specialist,Hoplitis bunocephala
Hoplitis caudex,specialist,genus_specialist,Hoplitis caudex
Hoplitis colei,specialist,genus_specialist,Hoplitis colei
Hoplitis cryptanthae,specialist,genus_specialist,Hoplitis cryptanthae
Hoplitis deserticola,specialist,genus_specialist,Hoplitis deserticola
Hoplitis elongaticeps,specialist,family_specialist,Hoplitis elongaticeps
Hoplitis evansi,specialist,genus_specialist,Hoplitis evansi
Hoplitis hamulicornis,specialist,genus_specialist,Hoplitis hamulicornis
Hoplitis howardi,specialist,genus_specialist,Hoplitis howardi
Hoplitis jacintana,specialist,genus_specialist,Hoplitis jacintana
Hoplitis mojavensis,specialist,family_specialist,Hoplitis mojavensis
Hoplitis nanula,specialist,genus_specialist,Hoplitis nanula
Hoplitis nigrella,specialist,genus_specialist,Hoplitis nigrella
Hoplitis paroselae,specialist,family_specialist,Hoplitis paroselae
Hoplitis pygmaea,specialist,genus_specialist,Hoplitis pygmaea
Hoplitis reducta,specialist,genus_specialist,Hoplitis reducta
Hoplitis remotula,specialist,genus_specialist,Hoplitis remotula
Hoplitis seminigra,specialist,genus_specialist,Hoplitis seminigra
Hoplitis semirubra,specialist,genus_specialist,Hoplitis semirubra
Hoplitis tristis,specialist,genus_specialist,Hoplitis tristis
Hoplitis xerophila,specialist,genus_specialist,Hoplitis xerophila
Osmia brevis,specialist,genus_specialist,Osmia brevis
Osmia calcarata,specialist,family_specialist,Osmia calcarata
Osmia grinnelli,specialist,family_specialist,Osmia grinnelli
Osmia liogastra,specialist,family_specialist,Osmia liogastra
Osmia lupinicola,specialist,family_specialist,Osmia lupinicola
Osmia marginipennis,specialist,family_specialist,Osmia marginipennis
Osmia nifoata,specialist,family_specialist,Osmia nifoata
Osmia nigrobarbata,specialist,family_specialist,Osmia nigrobarbata
Osmia obliqua,specialist,family_specialist,Osmia obliqua
Osmia physariae,specialist,family_specialist,Osmia giliarum
Osmia regulina,specialist,family_specialist,Osmia regulina
Osmia sanctaerosae,specialist,family_specialist,Osmia sanctaerosae
Osmia trifoliama,specialist,family_specialist,Osmia trifoliama
Hesperapis arenicola,specialist,family_specialist,Hesperapis arenicola
Hesperapis arida,specialist,genus_specialist,Hesperapis arida
Hesperapis fulvipes,specialist,family_specialist,Hesperapis fulvipes
Hesperapis ilicifoliae,generalist,generalist,NA
Hesperapis laticeps,specialist,family_specialist,Hesperapis laticeps
Hesperapis leucura,specialist,genus_specialist,Hesperapis leucura
Hesperapis pellucida,specialist,genus_specialist,Hesperapis pellucida
Hesperapis regularis,specialist,genus_specialist,Hesperapis regularis
Hesperapis rodecki,specialist,family_specialist,Hesperapis rodecki
Hesperapis rufipes,specialist,family_specialist,Hesperapis rufipes
Melitta californica,specialist,genus_specialist,Melitta californica
Andrena hirticincta,specialist,family_specialist,Andrena hirticincta
Andrena melanochroa,specialist,family_specialist,Andrena melanochroa
Calliopsis coloradensis,specialist,family_specialist,Calliopsis coloradensis
Colletes productus,specialist,family_specialist,Colletes productus
Colletes simulans,specialist,family_specialist,Colletes simulans
